index,name,size,offset,table_pos,status,file,decompressed,md5,note
-1,owowowowowowowowowowowowowowowow,194,91596,20,deleted,,0,,deleted
0,common.js,3068,9356,64,,common.js,14696,5ecbaf59c4df99bc89929f17639bd950,
1,css_help.css,340,12424,112,,css_help.css,629,360f4fc588a0b5f5cbf8cce33597b919,
2,css_main.css,866,12764,160,,css_main.css,2731,24efbc611a76172868db9b81d680e955,
3,custom.js,144,13632,208,,custom.js,176,44dd0ac35ea65653d4360b9f16d5769c,
4,menu.js,2011,13776,256,,menu.js,7760,24aa60664350a4f33956f88504805b62,
5,top.htm,913,15788,304,,top.htm,1945,fd96beef13b6d64814b74f53bb7e6b5f,
6,AccessCtrlAccessRuleModifyHelpRpm.htm,586,16704,352,,AccessCtrlAccessRuleModifyHelpRpm.htm,1248,9d366fda6de51201a6c97d32849fdd18,
7,AccessCtrlAccessRulesAdvHelpRpm.htm,530,17292,400,,AccessCtrlAccessRulesAdvHelpRpm.htm,1074,a17c0b0dfbcd8a79d90edda67483e792,
8,AccessCtrlAccessRulesHelpRpm.htm,1583,17824,448,,AccessCtrlAccessRulesHelpRpm.htm,4657,e9e2e9d24b59cf3536de2d338c965dc2,
9,AccessCtrlAccessTargetsAdvHelpRpm.htm,846,19408,496,,AccessCtrlAccessTargetsAdvHelpRpm.htm,1806,9024a07f4e8ef604b621fb84c22fd0bc,
10,AccessCtrlAccessTargetsHelpRpm.htm,987,20256,544,,AccessCtrlAccessTargetsHelpRpm.htm,2191,4abed21052d3d0c02766fe5cb8956910,
11,AccessCtrlHostsListsAdvHelpRpm.htm,564,21244,592,,AccessCtrlHostsListsAdvHelpRpm.htm,1082,26d831bad670d878ecbe7a5414b7b658,
12,AccessCtrlHostsListsHelpRpm.htm,984,21808,640,,AccessCtrlHostsListsHelpRpm.htm,2156,1c5ef83244e5fcdf7aeddcbfc1c9f6ca,
13,AccessCtrlTimeSchedAdvHelpRpm.htm,548,22792,688,,AccessCtrlTimeSchedAdvHelpRpm.htm,1009,2e1c6fb39210b3012a406c87bfcda9e4,
14,AccessCtrlTimeSchedHelpRpm.htm,1026,23340,736,,AccessCtrlTimeSchedHelpRpm.htm,2406,d4be9ff43b777a2e0be4a0cf279963ed,
15,AssignedIpAddrListHelpRpm.htm,431,24368,784,,AssignedIpAddrListHelpRpm.htm,805,2f64b907189100b64d2295d1e0d5f709,
16,AutoEmailHelpRpm.htm,456,24800,832,,AutoEmailHelpRpm.htm,878,b673fbaefa5f396cb8cd4237dc66de3e,
17,BackNRestoreHelpRpm.htm,513,25256,880,,BackNRestoreHelpRpm.htm,907,47cd49ee9bb520d3d4f93fa05bf531c7,
18,ChangeLoginPwdHelpRpm.htm,429,25772,928,,ChangeLoginPwdHelpRpm.htm,691,1d750aff8be2f01567fb6950cd56f93c,
19,DateTimeCfgHelpRpm.htm,788,26204,976,,DateTimeCfgHelpRpm.htm,1702,e3c17e9a2d3e73d3d76ced7fe1dca920,
20,DdnsAddComexeHelpRpm.htm,828,26992,1024,,DdnsAddComexeHelpRpm.htm,1735,422b9c791fb5cf15775c5f024914230c,
21,DdnsAddHelpRpm.htm,777,27820,1072,,DdnsAddHelpRpm.htm,1665,db35be0193aec81065ad51c55e605db5,
22,DMZHelpRpm.htm,510,28600,1120,,DMZHelpRpm.htm,859,169dedad6744f79e0e90ef79afd4c300,
23,DomainFilterHelpRpm.htm,1084,29112,1168,,DomainFilterHelpRpm.htm,2785,1168a88a456d54fbfaf4790ad44c19b4,
24,DynDdnsHelpRpm.htm,870,30196,1216,,DynDdnsHelpRpm.htm,1678,8661d5d3c64970c5e0b32f437c67d47f,
25,FireWallHelpRpm.htm,479,31068,1264,,FireWallHelpRpm.htm,1142,55ca0d907ae060cebbdc0b67f1b4b197,
26,FixMapCfgHelpRpm.htm,814,31548,1312,,FixMapCfgHelpRpm.htm,1856,81f229538536d039b1c882fd14e65378,
27,L2tpCfgHelpRpm.htm,1377,32364,1360,,L2tpCfgHelpRpm.htm,4665,dadc9237c6cc5f05b6b130d7d201777a,
28,LanArpBindingHelpRpm.htm,780,33744,1408,,LanArpBindingHelpRpm.htm,1829,9570048966d66f75ed87d94334a85bbd,
29,LanArpBindingListHelpRpm.htm,622,34524,1456,,LanArpBindingListHelpRpm.htm,1278,807d6fa1d10e7745c13e64575426a92d,
30,LanDhcpServerHelpRpm.htm,899,35148,1504,,LanDhcpServerHelpRpm.htm,1959,e8f0d45f200401c4edcbc69ac76d9256,
31,LanMacFilterHelpRpm.htm,1055,36048,1552,,LanMacFilterHelpRpm.htm,2654,71f16ee7513cc301b18036e63425491e,
32,LocalManageControlHelpRpm.htm,702,37104,1600,,LocalManageControlHelpRpm.htm,1340,1221401ca97c4bc8de2a418f0fa6b97b,
33,MacCloneCfgHelpRpm.htm,654,37808,1648,,MacCloneCfgHelpRpm.htm,1289,3dfed0f7e39917964cf84aaccbb2f57d,
34,ManageControlHelpRpm.htm,920,38464,1696,,ManageControlHelpRpm.htm,1829,48f67a50e63e2e9a0fb111f2f0c7a45b,
35,MiscAdvHelpRpm.htm,302,39384,1744,,MiscAdvHelpRpm.htm,472,a8966019c1aa1645bcb49a54332f6aa9,
36,MiscHelpRpm.htm,870,39688,1792,,MiscHelpRpm.htm,2532,971c2a22cc33b9cc41f81843044963da,
37,NetworkCfgHelpRpm.htm,690,40560,1840,,NetworkCfgHelpRpm.htm,1360,9319105b69f0929529b1053e374be880,
38,NetworkLanCfgHelpRpm.htm,633,41252,1888,,NetworkLanCfgHelpRpm.htm,1058,5377c3b251a19ee98aacf35ba7ae22f8,
39,NoipDdnsHelpRpm.htm,871,41888,1936,,NoipDdnsHelpRpm.htm,1687,440919714cf3a8cf44d250f49e9afa4f,
40,ParentCtrlAdvHelpRpm.htm,938,42760,1984,,ParentCtrlAdvHelpRpm.htm,1950,e30d2e57ad3112c1291c2dbf7e8a7b46,
41,ParentCtrlHelpRpm.htm,1547,43700,2032,,ParentCtrlHelpRpm.htm,4331,dcbcd7180649865649606b007d724e01,
42,PingHelpRpm.htm,1350,45248,2080,,PingHelpRpm.htm,3094,05381f53f913bde399d73362ce5cfaf5,
43,PPPoECfgAdvHelpRpm.htm,870,46600,2128,,PPPoECfgAdvHelpRpm.htm,1814,d0d74b99c2560ea275c51d7d73dd2fa9,
44,PPPoECfgHelpRpm.htm,1732,47472,2176,,PPPoECfgHelpRpm.htm,5388,898f8622c1f2f29c0dcb161205846dc4,
45,PptpCfgHelpRpm.htm,1269,49204,2224,,PptpCfgHelpRpm.htm,4143,6bd2d09c7be965f2031b134545305679,
46,QoSCfgSOHOHelpRpm.htm,639,50476,2272,,QoSCfgSOHOHelpRpm.htm,1459,462aa96a126d069d318c12007310106b,
47,RestoreDefaultCfgHelpRpm.htm,362,51116,2320,,RestoreDefaultCfgHelpRpm.htm,550,af17d8f77c0c0e8ed19c7254ed817ca7,
48,SiteSurveyHelpRpm.htm,437,51480,2368,,SiteSurveyHelpRpm.htm,678,8300ead7b6ef3fa0b955894703b6ece7,
49,SoftwareUpgradeHelpRpm.htm,820,51920,2416,,SoftwareUpgradeHelpRpm.htm,1573,5e067d43b96eb5d93eea26aeecdcd7b6,
50,SpecialAppHelpRpm.htm,1453,52740,2464,,SpecialAppHelpRpm.htm,4158,c960b68936e348d135508998e594ad56,
51,StaticRouteTableHelpRpm.htm,689,54196,2512,,StaticRouteTableHelpRpm.htm,1533,b2746a0dd3bbbbad01b868c962e39caf,
52,StatusHelpRpm.htm,1443,54888,2560,,StatusHelpRpm.htm,3865,d882da3ab886040a9ceb42a83fa03d9e,
53,SysRebootHelpRpm.htm,394,56332,2608,,SysRebootHelpRpm.htm,768,d9dcc96975edc1671fb2883f89a34dfc,
54,SystemLogHelpRpm.htm,474,56728,2656,,SystemLogHelpRpm.htm,838,375772a6d21aff69e2d1a97fd8d232a2,
55,SystemStatisticHelpRpm.htm,905,57204,2704,,SystemStatisticHelpRpm.htm,2720,086d2859f6c23e065e6570d7ca663a3e,
56,UpnpCfgHelpRpm.htm,688,58112,2752,,UpnpCfgHelpRpm.htm,1455,9aa8067cabf8052ffc77cc0e7994bb67,
57,VirtualServerHelpRpm.htm,1096,58800,2800,,VirtualServerHelpRpm.htm,2737,f66a670f18bb0884dd930648c16c551c,
58,WanBpaCfgHelpRpm.htm,1279,59896,2848,,WanBpaCfgHelpRpm.htm,3760,adb907878dac0d0d3ee3101865822183,
59,WanDynamicIpCfgHelpRpm.htm,1392,61176,2896,,WanDynamicIpCfgHelpRpm.htm,3521,833abb8c3d4a5fa9a3ea001ca6c5bd81,
60,WanDynamicIpCfgHelpRpm_8021X.htm,1090,62568,2944,,WanDynamicIpCfgHelpRpm_8021X.htm,2905,e7c4a8fe6ef5dd45644bfe3a9b503f8a,
61,WanIpFilterHelpRpm.htm,1563,63660,2992,,WanIpFilterHelpRpm.htm,4798,f579698abe6006fae6307cd4779d352a,
62,WanStaticIpCfgHelpRpm.htm,1055,65224,3040,,WanStaticIpCfgHelpRpm.htm,2679,ca87c44195414dd9abd840f1c2d9064d,
63,WanStaticIpCfgHelpRpm_8021X.htm,775,66280,3088,,WanStaticIpCfgHelpRpm_8021X.htm,2204,f8328956dd635b331d13ea1c8976e001,
64,WlanAdvHelpRpm.htm,998,67056,3136,,WlanAdvHelpRpm.htm,2163,23a907a8cb9eca1cbfbab84bf9703a0e,
65,WlanMacFilterHelpRpm.htm,1066,68056,3184,,WlanMacFilterHelpRpm.htm,2860,dc7cb5e71df1bc5b60008f6d886d086f,
66,WlanNetworkHelpRpm.htm,1663,69124,3232,,WlanNetworkHelpRpm.htm,3899,c86eb8f9fee1950cc7353c13e3e86b00,
67,WlanSecurityHelpRpm.htm,1421,70788,3280,,WlanSecurityHelpRpm.htm,4388,571df9fa0fcd9ffbdee3a7cf77e62f0d,
68,WlanStationHelpRpm.htm,584,72212,3328,,WlanStationHelpRpm.htm,1179,3871ea13b9b656075525760ba1e6a64b,
69,WlanWpsChkModeHelpRpm.htm,629,72796,3376,,WlanWpsChkModeHelpRpm.htm,1385,dacdf7688d8c254e5b36df6074f8050e,
70,WlanWpsHelpRpm.htm,808,73428,3424,,WlanWpsHelpRpm.htm,2034,1dc6e424b850e9272f27bb550c2f110d,
71,WzdAccessCtrlHostAddHelpRpm.htm,555,74236,3472,,WzdAccessCtrlHostAddHelpRpm.htm,1064,62e80a91a38f136169942d53050d07ee,
72,WzdAccessCtrlRuleAddHelpRpm.htm,528,74792,3520,,WzdAccessCtrlRuleAddHelpRpm.htm,1071,e50b27351759345ac2d51f40640e4956,
73,WzdAccessCtrlSchedAddHelpRpm.htm,547,75320,3568,,WzdAccessCtrlSchedAddHelpRpm.htm,999,e0830b7c1cf508bf992444f529960843,
74,WzdAccessCtrlTargetAddHelpRpm.htm,847,75868,3616,,WzdAccessCtrlTargetAddHelpRpm.htm,1797,873662c429a48b8f869f5836d8ca08e0,
75,WzdFinishHelpRpm.htm,273,76716,3664,,WzdFinishHelpRpm.htm,380,811b12371c9c6eb3a7cb782acdbb5e31,
76,WzdPPPoEHelpRpm.htm,273,76992,3712,,WzdPPPoEHelpRpm.htm,366,3d151b41e0deadb987332139ea8ce6ba,
77,WzdStartHelpRpm.htm,357,77268,3760,,WzdStartHelpRpm.htm,517,68437861653abd9a306c3955dd06e569,
78,WzdStaticIpHelpRpm.htm,501,77628,3808,,WzdStaticIpHelpRpm.htm,905,fbb129fb14524f8b0d1d96e652b2090b,
79,WzdWanTypeHelpRpm.htm,765,78132,3856,,WzdWanTypeHelpRpm.htm,1484,e19ad360d0b1e5e606740e05b0d0f465,
80,WzdWlanHelpRpm.htm,1084,78900,3904,,WzdWlanHelpRpm.htm,2263,5bade36b1eaaa99300b2079b54355277,
81,arc.gif,70,79984,3952,,arc.gif,59,66e59c941745f789e32079821996cff0,
82,bgColor.jpg,418,80056,4000,,bgColor.jpg,634,f1d27acd4c1d31a18a00cae8e72f0b52,
83,blue.jpg,354,80476,4048,,blue.jpg,598,bb00e8b57e5a25ee20728840c5eb66f8,
84,empty.gif,53,80832,4096,,empty.gif,43,55fade2068e7503eae8d7ddf5eb6bd09,
85,helpPic.gif,53,80888,4144,,helpPic.gif,43,55fade2068e7503eae8d7ddf5eb6bd09,
86,minus.gif,53,80944,4192,,minus.gif,43,55fade2068e7503eae8d7ddf5eb6bd09,
87,plus.gif,53,81000,4240,,plus.gif,43,55fade2068e7503eae8d7ddf5eb6bd09,
88,pw.gif,53,81056,4288,,pw.gif,43,55fade2068e7503eae8d7ddf5eb6bd09,
89,top1_1.jpg,3968,81112,4336,,top1_1.jpg,5363,4b7e44c3b0a6ef53d1096e967db8f7ba,
90,top1_2.jpg,15269,85080,4384,,top1_2.jpg,16386,1e902226c63c8220d26bbba6a52310f0,
91,top2.jpg,597,100352,4432,,top2.jpg,893,e18d0d75c10c21d797261cd132fc3f17,
92,top_bg.jpg,366,100952,4480,,top_bg.jpg,605,21d6c714d583e17eb128ba976137cb76,
93,char_set.js,13924,101320,4528,,char_set.js,91595,177e07ce7acf1a71da419d133330da95,
94,str_err.js,6401,115244,4576,,str_err.js,32601,8f719eedfe6e72c9f8250b2cb9b4a2b3,
95,str_menu.js,1208,121648,4624,,str_menu.js,4045,03598c80dffb090fe7033338c7a1adbb,
96,AccessCtrlAccessRuleModifyRpm.htm,4559,122856,4672,,AccessCtrlAccessRuleModifyRpm.htm,30333,f70a555552d42670721f4cdf25e524c0,
97,AccessCtrlAccessRulesAdvRpm.htm,1723,127416,4720,,AccessCtrlAccessRulesAdvRpm.htm,6470,2dc774581d405bb92d686830f6856438,
98,AccessCtrlAccessRulesRpm.htm,2704,129140,4768,,AccessCtrlAccessRulesRpm.htm,10983,6a36ab3de524bad646e7cecaa37d51d6,
99,AccessCtrlAccessTargetsAdvRpm.htm,2726,131844,4816,,AccessCtrlAccessTargetsAdvRpm.htm,14697,3dd995a3485030683ce48fa21b3e1114,
100,AccessCtrlAccessTargetsRpm.htm,1762,134572,4864,,AccessCtrlAccessTargetsRpm.htm,5849,5df80d9bc71a46aaf21ab6ef6f31f8b1,
101,AccessCtrlHostsListsAdvRpm.htm,1786,136336,4912,,AccessCtrlHostsListsAdvRpm.htm,6695,a57294f75c887bb16063202cfae7f772,
102,AccessCtrlHostsListsRpm.htm,1709,138124,4960,,AccessCtrlHostsListsRpm.htm,5425,ecefe423f6c6b55e7a1a120bb65b0a97,
103,AccessCtrlTimeSchedAdvRpm.htm,2176,139836,5008,,AccessCtrlTimeSchedAdvRpm.htm,9912,fd951356ef8f5550e49e27885f14a3db,
104,AccessCtrlTimeSchedRpm.htm,1933,142012,5056,,AccessCtrlTimeSchedRpm.htm,6589,596dad8a30e13e1516711942cb468010,
105,AdvScrRpm.htm,1655,143948,5104,,AdvScrRpm.htm,6813,3d37358379bd2eaf94cccc9d7614c1d5,
106,AssignedIpAddrListRpm.htm,918,145604,5152,,AssignedIpAddrListRpm.htm,2315,c7bd51f41358dbbfcf12e11d771ad09e,
107,AuthError.htm,822,146524,5200,,AuthError.htm,1587,280ac55018c25922d444015f1718dddb,
108,AutoEmailRpm.htm,2529,147348,5248,,AutoEmailRpm.htm,10042,d1a63ab2188b80d349e961ec623fc2ab,
109,BakNRestoreRpm.htm,1010,149880,5296,,BakNRestoreRpm.htm,2264,dcc5fc696c860a262b85afe2bc7fd8f1,
110,BPACfgRpm.htm,2325,150892,5344,,BPACfgRpm.htm,9252,8a91a207c78c63794209a267557ea024,
111,ChangeLoginPwdRpm.htm,1301,153220,5392,,ChangeLoginPwdRpm.htm,4071,0a4279b63909c705e4c91805656c83a7,
112,CmxDdnsRpm.htm,1814,154524,5440,,CmxDdnsRpm.htm,6832,521d123d2c72b29f738bb136e0edb0af,
113,confUploadErrorRpm.htm,596,156340,5488,,confUploadErrorRpm.htm,1333,6b2f3e7ee6b878cc14afa202b572e500,
114,DateTimeCfgRpm.htm,4554,156936,5536,,DateTimeCfgRpm.htm,24080,07eb8e65a847f67a6c42b1237e2e715e,
115,DiagnosticRpm.htm,1953,161492,5584,,DiagnosticRpm.htm,8260,e4ce091ab35473edc7e2074bc847ad1a,
116,DMZRpm.htm,821,163448,5632,,DMZRpm.htm,1908,beb3f0a6106999821fdbea0552f71092,
117,DomainFilterAdvRpm.htm,1184,164272,5680,,DomainFilterAdvRpm.htm,3216,ebd9fb63db9d2e09d08c3a3e8154b018,
118,DomainFilterRpm.htm,1553,165456,5728,,DomainFilterRpm.htm,4949,b49bdb1bf3f2f96adf5f444026566842,
119,DynDdnsRpm.htm,1735,167012,5776,,DynDdnsRpm.htm,5987,2cc2356dac5e55b217afc11a848711d2,
120,errorPage.htm,663,168748,5824,,errorPage.htm,1550,d811741d0588e2cf991da322e6128af9,
121,FireWallRpm.htm,852,169412,5872,,FireWallRpm.htm,2972,80baac5d48275c6e6400508c79e3cffb,
122,FirmwareUpdateTemp.htm,1255,170264,5920,,FirmwareUpdateTemp.htm,3229,55d432bc3c9163a9774ae093f4e47008,
123,FixMapCfgAdvRpm.htm,1230,171520,5968,,FixMapCfgAdvRpm.htm,3773,e885c49c12e65a7e7a91f8a7c7acc723,
124,FixMapCfgRpm.htm,1553,172752,6016,,FixMapCfgRpm.htm,4759,8454ff249886e444fef956ecf42ec8e7,
125,GetGMTRpm.htm,916,174308,6064,,GetGMTRpm.htm,1859,176cc5c56726cc89e37924c324d18035,
126,Index.htm,576,175224,6112,,Index.htm,1097,7c3c6fc430f761a1d4388a64bff3b506,
127,L2TPCfgRpm.htm,3497,175800,6160,,L2TPCfgRpm.htm,15234,17087466de3f0ca26668ee69b6fccd99,
128,LanArpBindingAdvRpm.htm,1146,179300,6208,,LanArpBindingAdvRpm.htm,3969,e0211f6074408476edf947bb2c9b05ce,
129,LanArpBindingFindRpm.htm,1889,180448,6256,,LanArpBindingFindRpm.htm,5980,e5b1b5c8e97ae0ecc4d51b9bfbb7ac6f,
130,LanArpBindingListRpm.htm,1245,182340,6304,,LanArpBindingListRpm.htm,3608,7c81d6409bb58791aea96e5db8194f7f,
131,LanArpBindingRpm.htm,1921,183588,6352,,LanArpBindingRpm.htm,6516,b0378df0fa98f7b8be6928b354fea944,
132,LanDhcpServerRpm.htm,1416,185512,6400,,LanDhcpServerRpm.htm,5680,0391279becfb19a26830e26d4057f2d0,
133,LanMacFilterAdvRpm.htm,1068,186928,6448,,LanMacFilterAdvRpm.htm,3114,64c18ba6f6efa8647a6ef95cf97a1e8b,
134,LanMacFilterRpm.htm,1586,187996,6496,,LanMacFilterRpm.htm,4995,d2da0dd0667ea117cd0e25a68918cbe3,
135,LocalManageControlRpm.htm,1921,189584,6544,,LocalManageControlRpm.htm,6846,bf37305f07eada8a3d5ecadf203ab78e,
136,MacCloneCfgRpm.htm,1197,191508,6592,,MacCloneCfgRpm.htm,3236,e31eea6416a75f5c12152c03e70a788f,
137,MailResultRpm.htm,1469,192708,6640,,MailResultRpm.htm,4621,6fd456b5a5bfec3f61a7a123405b3ef2,
138,ManageControlRpm.htm,1255,194180,6688,,ManageControlRpm.htm,3875,e0df1e0ed8eeb2622d767a75cded2fb8,
139,MenuRpm.htm,935,195436,6736,,MenuRpm.htm,2090,89adeb6402bb4af99e2411fdb8b83c56,
140,MiscShowRpm.htm,855,196372,6784,,MiscShowRpm.htm,2030,2ec6404af89f4996c55caa3051ae22c5,
141,NetworkCfgRpm.htm,1102,197228,6832,,NetworkCfgRpm.htm,3112,c9ca7590547d498bcbe2a88417ebc7bb,
142,NoipDdnsRpm.htm,1671,198332,6880,,NoipDdnsRpm.htm,5323,51ee68cfed5de1750452b84d8a7c722c,
143,ParentCtrlAdvRpm.htm,2230,200004,6928,,ParentCtrlAdvRpm.htm,10908,5a981abf54d1759c4b6d801fe20eea4d,
144,ParentCtrlRpm.htm,2393,202236,6976,,ParentCtrlRpm.htm,8786,faa4279448863eac58b65a5b70c90b76,
145,PeanutHullDdnsRpm.htm,1836,204632,7024,,PeanutHullDdnsRpm.htm,5710,2ee421012cf13ce5f9751eb4c9c08aaf,
146,PingIframeRpm.htm,1570,206468,7072,,PingIframeRpm.htm,7805,e7c0b73ba85071dc9c140306cf9f02b8,
147,popupSiteSurveyRpm.htm,1721,208040,7120,,popupSiteSurveyRpm.htm,6267,16a5915f090385648891e445e2bdfc23,
148,PPPoECfgAdvRpm.htm,1809,209764,7168,,PPPoECfgAdvRpm.htm,7017,ce49e5e02a805ce66086957280a86f35,
149,PPPoECfgRpm.htm,3403,211576,7216,,PPPoECfgRpm.htm,19607,f73da41f4b706cca4f91df4a788eb448,
150,PPTPCfgRpm.htm,3531,214980,7264,,PPTPCfgRpm.htm,15436,b0935260e6e145476f439063e3fd257d,
151,QoSCfgSOHORpm.htm,2796,218512,7312,,QoSCfgSOHORpm.htm,17505,7954cf25a41f2b9ada84ce44f74d1e82,
152,restart.htm,1295,221308,7360,,restart.htm,4259,db37df53e7f59087b17eb0c5f3e2fd6e,
153,RestoreDefaultCfgRpm.htm,663,222604,7408,,RestoreDefaultCfgRpm.htm,1328,4a220945607053ae0623dd50ce9a9446,
154,SoftwareUpgradeRpm.htm,1225,223268,7456,,SoftwareUpgradeRpm.htm,2931,42bf394f46e1e80ce8502d7f2f6624c3,
155,SpecialAppAdvRpm.htm,1817,224496,7504,,SpecialAppAdvRpm.htm,6045,185dcdb6f8eaa7c93dd1a1dc9ee6b544,
156,SpecialAppRpm.htm,1522,226316,7552,,SpecialAppRpm.htm,5043,7775e231ef035c9610f987af05fa142c,
157,StaticRouteTableAdvRpm.htm,1070,227840,7600,,StaticRouteTableAdvRpm.htm,3494,cd35c3026d6d96d9f5a18ba977111926,
158,StaticRouteTableRpm.htm,1411,228912,7648,,StaticRouteTableRpm.htm,4533,f600667635dd44c4f224ba0c15aedf3c,
159,StatusRpm.htm,3426,230324,7696,,StatusRpm.htm,15314,2fc0ffd6fb7ed7ec5955a49e29f8382c,
160,SysRebootRpm.htm,606,233752,7744,,SysRebootRpm.htm,1219,45c553e4455fb625fdf59e527f7a350f,
161,SystemLogRpm.htm,1300,234360,7792,,SystemLogRpm.htm,3689,db34a6e4be4c96b721736947b8a78316,
162,SystemStatisticRpm.htm,2333,235660,7840,,SystemStatisticRpm.htm,9775,ef6d3aeba6e110aac2cbd8d7ef15abd9,
163,UpdateTemp.htm,913,237996,7888,,UpdateTemp.htm,1804,10fb443bcad19dc4291f612582fa8003,
164,UpgradeRestart.htm,1125,238912,7936,,UpgradeRestart.htm,3135,04d7986649f3b74a7153a020e44fe226,
165,UpnpCfgRpm.htm,1270,240040,7984,,UpnpCfgRpm.htm,3982,c0a98efb9ad23309931bd64279e4d3f4,
166,VirtualServerAdvRpm.htm,1790,241312,8032,,VirtualServerAdvRpm.htm,5896,492186ab7bf7518359607b5e19636dfd,
167,VirtualServerRpm.htm,1528,243104,8080,,VirtualServerRpm.htm,4886,5a144aa0b5936b0e892f44f370313af9,
168,WanDynamicIpCfgRpm.htm,2874,244632,8128,,WanDynamicIpCfgRpm.htm,10375,478574185a457b8786f65035ff4efa5c,
169,WanDynamicIpCfgRpm_8021X.htm,2076,247508,8176,,WanDynamicIpCfgRpm_8021X.htm,7639,1b0134c2b43c56f9bd0c92ceecfbc878,
170,WanIpFilterAdvRpm.htm,1401,249584,8224,,WanIpFilterAdvRpm.htm,6064,abb4f609942e066ff5d335b121a7e280,
171,WanIpFilterRpm.htm,1954,250988,8272,,WanIpFilterRpm.htm,7010,f3d2b819c33179085432a3c4225d9b4c,
172,WanStaticIpCfgRpm.htm,2301,252944,8320,,WanStaticIpCfgRpm.htm,8445,8742e9dcabbec4d1f3e5f7c62d5a5bc8,
173,WanStaticIpCfgRpm_8021X.htm,1747,255248,8368,,WanStaticIpCfgRpm_8021X.htm,6380,781f8ca8b1392f1e51fdda23b74cf566,
174,WlanAdvRpm.htm,1859,256996,8416,,WlanAdvRpm.htm,6914,cde8c83206b4d6a000d4a9d77a8fb97d,
175,WlanMacFilterAdvRpm.htm,2047,258856,8464,,WlanMacFilterAdvRpm.htm,7531,c12b73827408e0a0e8f79eb2baef539f,
176,WlanMacFilterRpm.htm,2453,260904,8512,,WlanMacFilterRpm.htm,9963,71a687f86ea94973d3f5cdcb87854258,
177,WlanNetworkRpm.htm,5798,263360,8560,,WlanNetworkRpm.htm,25507,2332921b9c7ca227ec8bea33764ca3c0,
178,WlanSecurityRpm.htm,5384,269160,8608,,WlanSecurityRpm.htm,27345,4cfab90a4e96fc847c64b8947f2e52b4,
179,WlanStationRpm.htm,1263,274544,8656,,WlanStationRpm.htm,3389,fce538fc5a1e7a2a753625f6140e9958,
180,WlanWpsChkModeRpm.htm,1244,275808,8704,,WlanWpsChkModeRpm.htm,4248,8a09636417651a8938ab65b7dc5bd6d6,
181,WlanWpsRpm.htm,1575,277052,8752,,WlanWpsRpm.htm,4616,7141dfafbac180dd8c8cc7941215b0c7,
182,WzdAccessCtrlHostAddRpm.htm,1692,278628,8800,,WzdAccessCtrlHostAddRpm.htm,5898,11228437818fd0a6777afdacac2bc298,
183,WzdAccessCtrlRuleAddRpm.htm,1685,280320,8848,,WzdAccessCtrlRuleAddRpm.htm,5874,9d1ea73280e9aee0f79f013424230951,
184,WzdAccessCtrlSchedAddRpm.htm,2093,282008,8896,,WzdAccessCtrlSchedAddRpm.htm,9116,6099fc605abd2db8bc05b3c28b1fad43,
185,WzdAccessCtrlTargetAddRpm.htm,2631,284104,8944,,WzdAccessCtrlTargetAddRpm.htm,13643,f5047fe8f0cf00dac88e71d40b326762,
186,WzdEndRpm.htm,1006,286736,8992,,WzdEndRpm.htm,2367,96ce5f0a3767e7f2a5ea7e2a5e3d7a42,
187,WzdPPPoERpm.htm,873,287744,9040,,WzdPPPoERpm.htm,2442,4a190b60f9bc21bb57a860579472ce83,
188,WzdStartRpm.htm,745,288620,9088,,WzdStartRpm.htm,1845,2e71e1ef37786e8ad0ec5582a2e03651,
189,WzdStaticIpRpm.htm,1201,289368,9136,,WzdStaticIpRpm.htm,4512,6b37ef34096d2e030ca2682157dcf37f,
190,WzdWanAutoTypeRpm.htm,708,290572,9184,,WzdWanAutoTypeRpm.htm,1372,07078d7b78c7aa0bb89d53799a8b80d3,
191,WzdWanDisconnRpm.htm,850,291280,9232,,WzdWanDisconnRpm.htm,1858,a751e32aeb6d7550b3730ad803c91e15,
192,WzdWanTypeRpm.htm,1021,292132,9280,,WzdWanTypeRpm.htm,2912,09a1089c3a58ab50ff2f6eb8fe812681,
193,WzdWlanRpm.htm,4201,293156,9328,,WzdWlanRpm.htm,15961,ad374a8f50ff9c3164cd92a138ec6997,
